HLA,Epitope WT,Protein
B*08,ELRSLYNTV,Gag
A*30,RSLYNTVATLY,Gag
B*63,RSLYNTVATLY,Gag
B*58,RSLYNTVATLY,Gag
A*02,SLYNTVATL,Gag
Cw*14,LYNTVATL,Gag
A*29,LYNTVATLY,Gag
B*44,LYNTVATLY,Gag
A*11,TLYCVHQK,Gag
B*40,IEIKDTKEAL,Gag
B*35,NSSKVSQNY,Gag
B*13,VQNLQGQMV,Gag
B*13,GQMVHQAI,Gag
B*15,HQAISPRTL,Gag
A*25,QAISPRTLNAW,Gag
B*57,ISPRTLNAW,Gag
B*63,ISPRTLNAW,Gag
B*07,SPRTLNAWV,Gag
B*15,VKVIEEKAF,Gag
B*44,EEKAFSPEV,Gag
B*57,KAFSPEVI,Gag
B*63,KAFSPEVIPMF,Gag
B*57,FSPEVIPMF,Gag
A*26,EVIPMFSAL,Gag
Cw*01,VIPMFSAL,Gag
B*40,SEGATPQDL,Gag
B*53,TPQDLNMML,Gag
B*07,TPQDLNTML,Gag
B*39,TPQDLNTML,Gag
B*42,TPQDLNTML,Gag
B*81,TPQDLNTML,Gag
Cw*08,TPQDLNTML,Gag
B*53,TPYDINQML,Gag
B*15,GHQAAMQML,Gag
B*39,GHQAAMQML,Gag
B*40,KETINEEAA,Gag
A*25,ETINEEAAEW,Gag
B*40,AEWDRVHPV,Gag
B*35,HPVHAGPIA,Gag
B*07,HPVHAGPIA,Gag
B*13,GQMREPRGSDI,Gag
B*57,TSTLQEQIGW,Gag
B*58,TSTLQEQIGW,Gag
B*35,NPPIPVGDIY,Gag
B*35,PPIPVGDIY,Gag
B*08,EIYKRWII,Gag
B*27,KRWIILGLNK,Gag
B*27,RRWIQLGLQK,Gag
B*15,GLNKIVRMY,Gag
B*62,GLNKIVRMY,Gag
Cw*18,VRMYSPVSI,Gag
B*52,RMYSPTSI,Gag
Cw*01,YSPVSILDI,Gag
Cw*18,FRDYVDRFF,Gag
B*18,FRDYVDRFYK,Gag
A*24,RDYVDRFFKTL,Gag
B*44,RDYVDRFYKTL,Gag
B*15,YVDRFFKTL,Gag
Cw*03,YVDRFFKTL,Gag
A*02,YVDRFYKTL,Gag
B*14,DRFYKTLRA,Gag
B*44,AEQASQDVKNW,Gag
Cw*05,AEQASQEVKNWM,Gag
B*53,QASQEVKNW,Gag
B*58,QASQEVKNW,Gag
B*57,QASQEVKNW,Gag
B*48,VKNWMTETL,Gag
B*08,DCKTILKAL,Gag
A*11,ACQGVGGPGHK,Gag
B*07,GPGHKARVL,Gag
B*45,AEAMSQVTNS,Gag
B*14,CRAPRKKGC,Gag
B*07,APRKKGCWK,Gag
B*40,TERQANFL,Gag
B*48,RQANFLGKI,Gag
B*13,RQANFLGKI,Gag
A*02,FLGKIWPSYK,Gag
B*40,KELYPLTSL,Gag
B*40,GELDRWEKI,Gag
B*40,DRWEKIRLRPG,Gag
A*03,KIRLRPGGK,Gag
B*27,IRLRPGGKK,Gag
A*03,RLRPGGKKK,Gag
A*03,RLRPGGKKKY,Gag
B*07,RPGGKKHYM,Gag
B*51,RPGGKKKYKL,Gag
B*08,GGKKKYKLK,Gag
A*24,KYKLKHIVW,Gag
Cw*08,HLVWASREL,Gag
A*30,LVWASRELERF,Gag
B*35,WASRELERF,Gag
B*40,LETSEGCRQI,Gag
B*08,WPTVRERM,Nef
B*62,RMRRAEPAA,Nef
B*40,LEKHGAITS,Nef
B*50,LEKHGAITS,Nef
B*07,FPVTPQVPL,Nef
B*42,RPQVPLRPM,Nef
B*07,TPQVPLRPM,Nef
B*35,RPQVPLRPMTY,Nef
A*03,QVPLRPMTYK,Nef
A*11,QVPLRPMTYK,Nef
B*35,VPLRPMTY,Nef
A*11,PLRPMTYK,Nef
B*27,LRPMTYKAA,Nef
B*07,RPMTYKAAL,Nef
B*57,KAAFDLSFF,Nef
B*58,KAAFDLSFF,Nef
Cw*08,KAAVDLSHFL,Nef
B*57,AAFDLSFFL,Nef
Cw*03,AALDLSHFL,Nef
B*58,AAVDLSHFL,Nef
B*14,AAVDLSHFL,Nef
Cw*08,AAVDLSHFL,Nef
A*02,GAFDLSFFL,Nef
A*03,AVDLSHFLK,Nef
A*11,AVDLSHFLK,Nef
B*08,FLKEKGGL,Nef
B*40,KEKGGLEGL,Nef
B*44,KEKGGLEGLIY,Nef
B*27,RRQDILDLWI,Nef
Cw*07,KRQEILDLWVY,Nef
B*18,RRQDILDLWVY,Nef
B*13,RQDILDLWI,Nef
B*13,RQDILDLWV,Nef
B*44,QEILDLWVY,Nef
B*57,HTQGYFPDW,Nef
B*58,HTQGYFPDW,Nef
B*15,TQGYFPDWQNY,Nef
B*58,GYFPDWQNY,Nef
Cw*02,GYFPDWQNY,Nef
A*29,YFPDWQNYT,Nef
B*35,YFPDWQNYT,Nef
Cw*06,YFPDWQNYT,Nef
B*54,FPDWQNYTP,Nef
A*24,NYTPGPGIRY,Nef
B*63,YTPGPGIRY,Nef
B*57,YTPGPGIRY,Nef
B*07,TPGPGVRYPL,Nef
B*42,TPGPGVRYPL,Nef
A*33,TRYPLTFGW,Nef
A*24,RYPLTFGW,Nef
Cw*07,RYPLTFGWCY,Nef
B*53,YPLTFGWCF,Nef
B*18,YPLTFGWCY,Nef
B*53,YPLTFGWCY,Nef
A*02,PLTFGWCYKL,Nef
B*63,LTFGWCFKL,Nef
B*57,LTFGWCFKL,Nef
A*02,VLEWRFDSRL,Nef
B*15,WRFDSRLAF,Nef
B*08,SRLAFHHMA,Nef
Cw*01,NSPTRREL,Pol
A*68,ITLWQRPLV,Pol
A*74,ITLWQRPLV,Pol
A*68,DTVLEEWNL,Pol
B*44,EEMNLPGRW,Pol
B*13,RQYDQILIEI,Pol
B*15,GKKAIGTVL,Pol
B*57,KAIGTVLV,Pol
A*02,LVGPTPVNI,Pol
B*081,TPVNIIGRNML,Pol
B*54,FPISPIETV,Pol
B*40,IETVPVKL,Pol
B*08,GPKVKQWPL,Pol
A*02,ALVEICTEM,Pol
A*03,ALVEICTEMEK,Pol
A*03,KLVDFRELNK,Pol
A*03,GIPHPAGLK,Pol
B*35,TVLDVGDAY,Pol
A*11,SVPLDEGFRK,Pol
B*35,VPLDEDFRKY,Pol
A*02,YTAFTIPSI,Pol
A*02,YTAFTIPSV,Pol
B*51,TAFTIPSI,Pol
B*18,NETPGIRYQY,Pol
B*14,IRYQYNVL,Pol
B*73,IRYQYNVLP,Pol
B*54,LPQGWKGSPA,Pol
B*07,SPAIFQSSM,Pol
A*11,SPAIFQSSMTK,Pol
A*03,AIFQSSMTK,Pol
A*11,AIFQSSMTK,Pol
A*30,KQNPDIVIY,Pol
Cw*12,KQNPDIVIY,Pol
B*35,HPDIVIYQY,Pol
B*18,NPEIVIYQY,Pol
B*18,EIVIYQYMD,Pol
A*02,VIYQYMDDL,Pol
B*40,IEELRQHLL,Pol
B*57,IVLPEKDSW,Pol
B*15,LVGKLNWASQIY,Pol
A*30,KLNWASQIY,Pol
A*03,QIYPGIKVR,Pol
B*42,YPGIKVRQL,Pol
B*35,IPLTEEAEL,Pol
B*51,IPLTEEAEL,Pol
A*02,ILKEPVHGV,Pol
B*15,ILKEPVHGVY,Pol
Cw*12,ILKEPVHGVY,Pol
B*13,GQGQWTYQI,Pol
A*11,IYQEPFKNLK,Pol
A*30,RMRGAHTNDV,Pol
A*03,RMRGAHTNDVK,Pol
B*58,IAMESIVIW,Pol
A*32,PIQKETWETW,Pol
A*68,GAETFYVDGA,Pol
A*68,ETFYVDGA,Pol
A*66,ETFYVDGAANR,Pol
A*26,ETKLGKAGY,Pol
Cw*08,IVTDSQYAL,Pol
Cw*08,VTDSQYAL,Pol
B*15,VTDSQYALGI,Pol
A*11,QIIEQLIKK,Pol
A*02,KLVSQGIRKV,Pol
B*81,LFLDGIDKA,Pol
B*42,LPPIVAKEI,Pol
B*15,THLEGKIIL,Pol
B*54,HVASGYIEA,Pol
B*40,IEAEVIPAET,Pol
Cw*05,HTDNGSNF,Pol
B*57,STTVKAACWW,Pol
B*15,IQQEFGIPY,Pol
Cw*18,VRDQAEHL,Pol
B*57,KTAVQMAVF,Pol
A*03,AVFIHNFKRK,Pol
A*11,AVFIHNFKRK,Pol
B*15,FKRKGGIGGY,Pol
B*27,KRKGGIGGY,Pol
B*40,GERIVDII,Pol
A*11,IIATDIQTK,Pol
B*52,LQKQITKI,Pol
A*30,KIQNFRVYY,Pol
B*38,YRDSRDPLW,Pol
B*08,VVPRRKAKII,Pol
B*42,VPRRKAKII,Pol
B*15,RKAKIIRDY,Pol
B*08,RKAKIIRDYGK,Pol
B*08,KIIRDYGK,Pol
B*42,IIKDYGKQM,Pol
