"Patient_ID","allele","HLA","Epitope.WT","Protein"
1292,"A.allele.1","A*29","LYNTVATLY","Gag"
1292,"A.allele.1","A*29","YFPDWQNYT","Nef"
1408,"A.allele.1","A*01",NA,NA
1756,"A.allele.1","A*03","KIRLRPGGK","Gag"
1756,"A.allele.1","A*03","RLRPGGKKK","Gag"
1756,"A.allele.1","A*03","RLRPGGKKKY","Gag"
1756,"A.allele.1","A*03","QVPLRPMTYK","Nef"
1756,"A.allele.1","A*03","AVDLSHFLK","Nef"
1756,"A.allele.1","A*03","ALVEICTEMEK","Pol"
1756,"A.allele.1","A*03","KLVDFRELNK","Pol"
1756,"A.allele.1","A*03","GIPHPAGLK","Pol"
1756,"A.allele.1","A*03","AIFQSSMTK","Pol"
1756,"A.allele.1","A*03","QIYPGIKVR","Pol"
1756,"A.allele.1","A*03","RMRGAHTNDVK","Pol"
1756,"A.allele.1","A*03","AVFIHNFKRK","Pol"
2208,"A.allele.1","A*01",NA,NA
2241,"A.allele.1","A*03","KIRLRPGGK","Gag"
2241,"A.allele.1","A*03","RLRPGGKKK","Gag"
2241,"A.allele.1","A*03","RLRPGGKKKY","Gag"
2241,"A.allele.1","A*03","QVPLRPMTYK","Nef"
2241,"A.allele.1","A*03","AVDLSHFLK","Nef"
2241,"A.allele.1","A*03","ALVEICTEMEK","Pol"
2241,"A.allele.1","A*03","KLVDFRELNK","Pol"
2241,"A.allele.1","A*03","GIPHPAGLK","Pol"
2241,"A.allele.1","A*03","AIFQSSMTK","Pol"
2241,"A.allele.1","A*03","QIYPGIKVR","Pol"
2241,"A.allele.1","A*03","RMRGAHTNDVK","Pol"
2241,"A.allele.1","A*03","AVFIHNFKRK","Pol"
2274,"A.allele.1","A*23",NA,NA
2278,"A.allele.1","A*01",NA,NA
2286,"A.allele.1","A*02","SLYNTVATL","Gag"
2286,"A.allele.1","A*02","YVDRFYKTL","Gag"
2286,"A.allele.1","A*02","FLGKIWPSYK","Gag"
2286,"A.allele.1","A*02","GAFDLSFFL","Nef"
2286,"A.allele.1","A*02","PLTFGWCYKL","Nef"
2286,"A.allele.1","A*02","VLEWRFDSRL","Nef"
2286,"A.allele.1","A*02","LVGPTPVNI","Pol"
2286,"A.allele.1","A*02","ALVEICTEM","Pol"
2286,"A.allele.1","A*02","YTAFTIPSI","Pol"
2286,"A.allele.1","A*02","YTAFTIPSV","Pol"
2286,"A.allele.1","A*02","VIYQYMDDL","Pol"
2286,"A.allele.1","A*02","ILKEPVHGV","Pol"
2286,"A.allele.1","A*02","KLVSQGIRKV","Pol"
2302,"A.allele.1","A*01",NA,NA
2303,"A.allele.1","A*01",NA,NA
2452,"A.allele.1","A*02","SLYNTVATL","Gag"
2452,"A.allele.1","A*02","YVDRFYKTL","Gag"
2452,"A.allele.1","A*02","FLGKIWPSYK","Gag"
2452,"A.allele.1","A*02","GAFDLSFFL","Nef"
2452,"A.allele.1","A*02","PLTFGWCYKL","Nef"
2452,"A.allele.1","A*02","VLEWRFDSRL","Nef"
2452,"A.allele.1","A*02","LVGPTPVNI","Pol"
2452,"A.allele.1","A*02","ALVEICTEM","Pol"
2452,"A.allele.1","A*02","YTAFTIPSI","Pol"
2452,"A.allele.1","A*02","YTAFTIPSV","Pol"
2452,"A.allele.1","A*02","VIYQYMDDL","Pol"
2452,"A.allele.1","A*02","ILKEPVHGV","Pol"
2452,"A.allele.1","A*02","KLVSQGIRKV","Pol"
2454,"A.allele.1","A*01",NA,NA
2469,"A.allele.1","A*02","SLYNTVATL","Gag"
2469,"A.allele.1","A*02","YVDRFYKTL","Gag"
2469,"A.allele.1","A*02","FLGKIWPSYK","Gag"
2469,"A.allele.1","A*02","GAFDLSFFL","Nef"
2469,"A.allele.1","A*02","PLTFGWCYKL","Nef"
2469,"A.allele.1","A*02","VLEWRFDSRL","Nef"
2469,"A.allele.1","A*02","LVGPTPVNI","Pol"
2469,"A.allele.1","A*02","ALVEICTEM","Pol"
2469,"A.allele.1","A*02","YTAFTIPSI","Pol"
2469,"A.allele.1","A*02","YTAFTIPSV","Pol"
2469,"A.allele.1","A*02","VIYQYMDDL","Pol"
2469,"A.allele.1","A*02","ILKEPVHGV","Pol"
2469,"A.allele.1","A*02","KLVSQGIRKV","Pol"
2470,"A.allele.1","A*03","KIRLRPGGK","Gag"
2470,"A.allele.1","A*03","RLRPGGKKK","Gag"
2470,"A.allele.1","A*03","RLRPGGKKKY","Gag"
2470,"A.allele.1","A*03","QVPLRPMTYK","Nef"
2470,"A.allele.1","A*03","AVDLSHFLK","Nef"
2470,"A.allele.1","A*03","ALVEICTEMEK","Pol"
2470,"A.allele.1","A*03","KLVDFRELNK","Pol"
2470,"A.allele.1","A*03","GIPHPAGLK","Pol"
2470,"A.allele.1","A*03","AIFQSSMTK","Pol"
2470,"A.allele.1","A*03","QIYPGIKVR","Pol"
2470,"A.allele.1","A*03","RMRGAHTNDVK","Pol"
2470,"A.allele.1","A*03","AVFIHNFKRK","Pol"
2531,"A.allele.1","A*03","KIRLRPGGK","Gag"
2531,"A.allele.1","A*03","RLRPGGKKK","Gag"
2531,"A.allele.1","A*03","RLRPGGKKKY","Gag"
2531,"A.allele.1","A*03","QVPLRPMTYK","Nef"
2531,"A.allele.1","A*03","AVDLSHFLK","Nef"
2531,"A.allele.1","A*03","ALVEICTEMEK","Pol"
2531,"A.allele.1","A*03","KLVDFRELNK","Pol"
2531,"A.allele.1","A*03","GIPHPAGLK","Pol"
2531,"A.allele.1","A*03","AIFQSSMTK","Pol"
2531,"A.allele.1","A*03","QIYPGIKVR","Pol"
2531,"A.allele.1","A*03","RMRGAHTNDVK","Pol"
2531,"A.allele.1","A*03","AVFIHNFKRK","Pol"
2606,"A.allele.1","A*02","SLYNTVATL","Gag"
2606,"A.allele.1","A*02","YVDRFYKTL","Gag"
2606,"A.allele.1","A*02","FLGKIWPSYK","Gag"
2606,"A.allele.1","A*02","GAFDLSFFL","Nef"
2606,"A.allele.1","A*02","PLTFGWCYKL","Nef"
2606,"A.allele.1","A*02","VLEWRFDSRL","Nef"
2606,"A.allele.1","A*02","LVGPTPVNI","Pol"
2606,"A.allele.1","A*02","ALVEICTEM","Pol"
2606,"A.allele.1","A*02","YTAFTIPSI","Pol"
2606,"A.allele.1","A*02","YTAFTIPSV","Pol"
2606,"A.allele.1","A*02","VIYQYMDDL","Pol"
2606,"A.allele.1","A*02","ILKEPVHGV","Pol"
2606,"A.allele.1","A*02","KLVSQGIRKV","Pol"
2647,"A.allele.1","A*02","SLYNTVATL","Gag"
2647,"A.allele.1","A*02","YVDRFYKTL","Gag"
2647,"A.allele.1","A*02","FLGKIWPSYK","Gag"
2647,"A.allele.1","A*02","GAFDLSFFL","Nef"
2647,"A.allele.1","A*02","PLTFGWCYKL","Nef"
2647,"A.allele.1","A*02","VLEWRFDSRL","Nef"
2647,"A.allele.1","A*02","LVGPTPVNI","Pol"
2647,"A.allele.1","A*02","ALVEICTEM","Pol"
2647,"A.allele.1","A*02","YTAFTIPSI","Pol"
2647,"A.allele.1","A*02","YTAFTIPSV","Pol"
2647,"A.allele.1","A*02","VIYQYMDDL","Pol"
2647,"A.allele.1","A*02","ILKEPVHGV","Pol"
2647,"A.allele.1","A*02","KLVSQGIRKV","Pol"
2661,"A.allele.1","A*02","SLYNTVATL","Gag"
2661,"A.allele.1","A*02","YVDRFYKTL","Gag"
2661,"A.allele.1","A*02","FLGKIWPSYK","Gag"
2661,"A.allele.1","A*02","GAFDLSFFL","Nef"
2661,"A.allele.1","A*02","PLTFGWCYKL","Nef"
2661,"A.allele.1","A*02","VLEWRFDSRL","Nef"
2661,"A.allele.1","A*02","LVGPTPVNI","Pol"
2661,"A.allele.1","A*02","ALVEICTEM","Pol"
2661,"A.allele.1","A*02","YTAFTIPSI","Pol"
2661,"A.allele.1","A*02","YTAFTIPSV","Pol"
2661,"A.allele.1","A*02","VIYQYMDDL","Pol"
2661,"A.allele.1","A*02","ILKEPVHGV","Pol"
2661,"A.allele.1","A*02","KLVSQGIRKV","Pol"
2664,"A.allele.1","A*02","SLYNTVATL","Gag"
2664,"A.allele.1","A*02","YVDRFYKTL","Gag"
2664,"A.allele.1","A*02","FLGKIWPSYK","Gag"
2664,"A.allele.1","A*02","GAFDLSFFL","Nef"
2664,"A.allele.1","A*02","PLTFGWCYKL","Nef"
2664,"A.allele.1","A*02","VLEWRFDSRL","Nef"
2664,"A.allele.1","A*02","LVGPTPVNI","Pol"
2664,"A.allele.1","A*02","ALVEICTEM","Pol"
2664,"A.allele.1","A*02","YTAFTIPSI","Pol"
2664,"A.allele.1","A*02","YTAFTIPSV","Pol"
2664,"A.allele.1","A*02","VIYQYMDDL","Pol"
2664,"A.allele.1","A*02","ILKEPVHGV","Pol"
2664,"A.allele.1","A*02","KLVSQGIRKV","Pol"
3632,"A.allele.1","A*24","RDYVDRFFKTL","Gag"
3632,"A.allele.1","A*24","KYKLKHIVW","Gag"
3632,"A.allele.1","A*24","NYTPGPGIRY","Nef"
3632,"A.allele.1","A*24","RYPLTFGW","Nef"
2013,"A.allele.1","A*11","TLYCVHQK","Gag"
2013,"A.allele.1","A*11","ACQGVGGPGHK","Gag"
2013,"A.allele.1","A*11","QVPLRPMTYK","Nef"
2013,"A.allele.1","A*11","PLRPMTYK","Nef"
2013,"A.allele.1","A*11","AVDLSHFLK","Nef"
2013,"A.allele.1","A*11","SVPLDEGFRK","Pol"
2013,"A.allele.1","A*11","SPAIFQSSMTK","Pol"
2013,"A.allele.1","A*11","AIFQSSMTK","Pol"
2013,"A.allele.1","A*11","IYQEPFKNLK","Pol"
2013,"A.allele.1","A*11","QIIEQLIKK","Pol"
2013,"A.allele.1","A*11","AVFIHNFKRK","Pol"
2013,"A.allele.1","A*11","IIATDIQTK","Pol"
2026,"A.allele.1","A*01",NA,NA
2046,"A.allele.1","A*24","RDYVDRFFKTL","Gag"
2046,"A.allele.1","A*24","KYKLKHIVW","Gag"
2046,"A.allele.1","A*24","NYTPGPGIRY","Nef"
2046,"A.allele.1","A*24","RYPLTFGW","Nef"
2115,"A.allele.1","A*03","KIRLRPGGK","Gag"
2115,"A.allele.1","A*03","RLRPGGKKK","Gag"
2115,"A.allele.1","A*03","RLRPGGKKKY","Gag"
2115,"A.allele.1","A*03","QVPLRPMTYK","Nef"
2115,"A.allele.1","A*03","AVDLSHFLK","Nef"
2115,"A.allele.1","A*03","ALVEICTEMEK","Pol"
2115,"A.allele.1","A*03","KLVDFRELNK","Pol"
2115,"A.allele.1","A*03","GIPHPAGLK","Pol"
2115,"A.allele.1","A*03","AIFQSSMTK","Pol"
2115,"A.allele.1","A*03","QIYPGIKVR","Pol"
2115,"A.allele.1","A*03","RMRGAHTNDVK","Pol"
2115,"A.allele.1","A*03","AVFIHNFKRK","Pol"
2275,"A.allele.1","A*02","SLYNTVATL","Gag"
2275,"A.allele.1","A*02","YVDRFYKTL","Gag"
2275,"A.allele.1","A*02","FLGKIWPSYK","Gag"
2275,"A.allele.1","A*02","GAFDLSFFL","Nef"
2275,"A.allele.1","A*02","PLTFGWCYKL","Nef"
2275,"A.allele.1","A*02","VLEWRFDSRL","Nef"
2275,"A.allele.1","A*02","LVGPTPVNI","Pol"
2275,"A.allele.1","A*02","ALVEICTEM","Pol"
2275,"A.allele.1","A*02","YTAFTIPSI","Pol"
2275,"A.allele.1","A*02","YTAFTIPSV","Pol"
2275,"A.allele.1","A*02","VIYQYMDDL","Pol"
2275,"A.allele.1","A*02","ILKEPVHGV","Pol"
2275,"A.allele.1","A*02","KLVSQGIRKV","Pol"
2518,"A.allele.1","A*01",NA,NA
1292,"A.allele.2","A*31",NA,NA
1408,"A.allele.2","A*02","SLYNTVATL","Gag"
1408,"A.allele.2","A*02","YVDRFYKTL","Gag"
1408,"A.allele.2","A*02","FLGKIWPSYK","Gag"
1408,"A.allele.2","A*02","GAFDLSFFL","Nef"
1408,"A.allele.2","A*02","PLTFGWCYKL","Nef"
1408,"A.allele.2","A*02","VLEWRFDSRL","Nef"
1408,"A.allele.2","A*02","LVGPTPVNI","Pol"
1408,"A.allele.2","A*02","ALVEICTEM","Pol"
1408,"A.allele.2","A*02","YTAFTIPSI","Pol"
1408,"A.allele.2","A*02","YTAFTIPSV","Pol"
1408,"A.allele.2","A*02","VIYQYMDDL","Pol"
1408,"A.allele.2","A*02","ILKEPVHGV","Pol"
1408,"A.allele.2","A*02","KLVSQGIRKV","Pol"
1756,"A.allele.2","A*03","KIRLRPGGK","Gag"
1756,"A.allele.2","A*03","RLRPGGKKK","Gag"
1756,"A.allele.2","A*03","RLRPGGKKKY","Gag"
1756,"A.allele.2","A*03","QVPLRPMTYK","Nef"
1756,"A.allele.2","A*03","AVDLSHFLK","Nef"
1756,"A.allele.2","A*03","ALVEICTEMEK","Pol"
1756,"A.allele.2","A*03","KLVDFRELNK","Pol"
1756,"A.allele.2","A*03","GIPHPAGLK","Pol"
1756,"A.allele.2","A*03","AIFQSSMTK","Pol"
1756,"A.allele.2","A*03","QIYPGIKVR","Pol"
1756,"A.allele.2","A*03","RMRGAHTNDVK","Pol"
1756,"A.allele.2","A*03","AVFIHNFKRK","Pol"
2208,"A.allele.2","A*68","ITLWQRPLV","Pol"
2208,"A.allele.2","A*68","DTVLEEWNL","Pol"
2208,"A.allele.2","A*68","GAETFYVDGA","Pol"
2208,"A.allele.2","A*68","ETFYVDGA","Pol"
2241,"A.allele.2","A*25","QAISPRTLNAW","Gag"
2241,"A.allele.2","A*25","ETINEEAAEW","Gag"
2274,"A.allele.2","A*32","PIQKETWETW","Pol"
2278,"A.allele.2","A*11","TLYCVHQK","Gag"
2278,"A.allele.2","A*11","ACQGVGGPGHK","Gag"
2278,"A.allele.2","A*11","QVPLRPMTYK","Nef"
2278,"A.allele.2","A*11","PLRPMTYK","Nef"
2278,"A.allele.2","A*11","AVDLSHFLK","Nef"
2278,"A.allele.2","A*11","SVPLDEGFRK","Pol"
2278,"A.allele.2","A*11","SPAIFQSSMTK","Pol"
2278,"A.allele.2","A*11","AIFQSSMTK","Pol"
2278,"A.allele.2","A*11","IYQEPFKNLK","Pol"
2278,"A.allele.2","A*11","QIIEQLIKK","Pol"
2278,"A.allele.2","A*11","AVFIHNFKRK","Pol"
2278,"A.allele.2","A*11","IIATDIQTK","Pol"
2286,"A.allele.2","A*02","SLYNTVATL","Gag"
2286,"A.allele.2","A*02","YVDRFYKTL","Gag"
2286,"A.allele.2","A*02","FLGKIWPSYK","Gag"
2286,"A.allele.2","A*02","GAFDLSFFL","Nef"
2286,"A.allele.2","A*02","PLTFGWCYKL","Nef"
2286,"A.allele.2","A*02","VLEWRFDSRL","Nef"
2286,"A.allele.2","A*02","LVGPTPVNI","Pol"
2286,"A.allele.2","A*02","ALVEICTEM","Pol"
2286,"A.allele.2","A*02","YTAFTIPSI","Pol"
2286,"A.allele.2","A*02","YTAFTIPSV","Pol"
2286,"A.allele.2","A*02","VIYQYMDDL","Pol"
2286,"A.allele.2","A*02","ILKEPVHGV","Pol"
2286,"A.allele.2","A*02","KLVSQGIRKV","Pol"
2302,"A.allele.2","A*25","QAISPRTLNAW","Gag"
2302,"A.allele.2","A*25","ETINEEAAEW","Gag"
2303,"A.allele.2","A*02","SLYNTVATL","Gag"
2303,"A.allele.2","A*02","YVDRFYKTL","Gag"
2303,"A.allele.2","A*02","FLGKIWPSYK","Gag"
2303,"A.allele.2","A*02","GAFDLSFFL","Nef"
2303,"A.allele.2","A*02","PLTFGWCYKL","Nef"
2303,"A.allele.2","A*02","VLEWRFDSRL","Nef"
2303,"A.allele.2","A*02","LVGPTPVNI","Pol"
2303,"A.allele.2","A*02","ALVEICTEM","Pol"
2303,"A.allele.2","A*02","YTAFTIPSI","Pol"
2303,"A.allele.2","A*02","YTAFTIPSV","Pol"
2303,"A.allele.2","A*02","VIYQYMDDL","Pol"
2303,"A.allele.2","A*02","ILKEPVHGV","Pol"
2303,"A.allele.2","A*02","KLVSQGIRKV","Pol"
2452,"A.allele.2","A*03","KIRLRPGGK","Gag"
2452,"A.allele.2","A*03","RLRPGGKKK","Gag"
2452,"A.allele.2","A*03","RLRPGGKKKY","Gag"
2452,"A.allele.2","A*03","QVPLRPMTYK","Nef"
2452,"A.allele.2","A*03","AVDLSHFLK","Nef"
2452,"A.allele.2","A*03","ALVEICTEMEK","Pol"
2452,"A.allele.2","A*03","KLVDFRELNK","Pol"
2452,"A.allele.2","A*03","GIPHPAGLK","Pol"
2452,"A.allele.2","A*03","AIFQSSMTK","Pol"
2452,"A.allele.2","A*03","QIYPGIKVR","Pol"
2452,"A.allele.2","A*03","RMRGAHTNDVK","Pol"
2452,"A.allele.2","A*03","AVFIHNFKRK","Pol"
2454,"A.allele.2","A*03","KIRLRPGGK","Gag"
2454,"A.allele.2","A*03","RLRPGGKKK","Gag"
2454,"A.allele.2","A*03","RLRPGGKKKY","Gag"
2454,"A.allele.2","A*03","QVPLRPMTYK","Nef"
2454,"A.allele.2","A*03","AVDLSHFLK","Nef"
2454,"A.allele.2","A*03","ALVEICTEMEK","Pol"
2454,"A.allele.2","A*03","KLVDFRELNK","Pol"
2454,"A.allele.2","A*03","GIPHPAGLK","Pol"
2454,"A.allele.2","A*03","AIFQSSMTK","Pol"
2454,"A.allele.2","A*03","QIYPGIKVR","Pol"
2454,"A.allele.2","A*03","RMRGAHTNDVK","Pol"
2454,"A.allele.2","A*03","AVFIHNFKRK","Pol"
2469,"A.allele.2","A*02","SLYNTVATL","Gag"
2469,"A.allele.2","A*02","YVDRFYKTL","Gag"
2469,"A.allele.2","A*02","FLGKIWPSYK","Gag"
2469,"A.allele.2","A*02","GAFDLSFFL","Nef"
2469,"A.allele.2","A*02","PLTFGWCYKL","Nef"
2469,"A.allele.2","A*02","VLEWRFDSRL","Nef"
2469,"A.allele.2","A*02","LVGPTPVNI","Pol"
2469,"A.allele.2","A*02","ALVEICTEM","Pol"
2469,"A.allele.2","A*02","YTAFTIPSI","Pol"
2469,"A.allele.2","A*02","YTAFTIPSV","Pol"
2469,"A.allele.2","A*02","VIYQYMDDL","Pol"
2469,"A.allele.2","A*02","ILKEPVHGV","Pol"
2469,"A.allele.2","A*02","KLVSQGIRKV","Pol"
2470,"A.allele.2","A*03","KIRLRPGGK","Gag"
2470,"A.allele.2","A*03","RLRPGGKKK","Gag"
2470,"A.allele.2","A*03","RLRPGGKKKY","Gag"
2470,"A.allele.2","A*03","QVPLRPMTYK","Nef"
2470,"A.allele.2","A*03","AVDLSHFLK","Nef"
2470,"A.allele.2","A*03","ALVEICTEMEK","Pol"
2470,"A.allele.2","A*03","KLVDFRELNK","Pol"
2470,"A.allele.2","A*03","GIPHPAGLK","Pol"
2470,"A.allele.2","A*03","AIFQSSMTK","Pol"
2470,"A.allele.2","A*03","QIYPGIKVR","Pol"
2470,"A.allele.2","A*03","RMRGAHTNDVK","Pol"
2470,"A.allele.2","A*03","AVFIHNFKRK","Pol"
2531,"A.allele.2","A*11","TLYCVHQK","Gag"
2531,"A.allele.2","A*11","ACQGVGGPGHK","Gag"
2531,"A.allele.2","A*11","QVPLRPMTYK","Nef"
2531,"A.allele.2","A*11","PLRPMTYK","Nef"
2531,"A.allele.2","A*11","AVDLSHFLK","Nef"
2531,"A.allele.2","A*11","SVPLDEGFRK","Pol"
2531,"A.allele.2","A*11","SPAIFQSSMTK","Pol"
2531,"A.allele.2","A*11","AIFQSSMTK","Pol"
2531,"A.allele.2","A*11","IYQEPFKNLK","Pol"
2531,"A.allele.2","A*11","QIIEQLIKK","Pol"
2531,"A.allele.2","A*11","AVFIHNFKRK","Pol"
2531,"A.allele.2","A*11","IIATDIQTK","Pol"
2606,"A.allele.2","A*25","QAISPRTLNAW","Gag"
2606,"A.allele.2","A*25","ETINEEAAEW","Gag"
2647,"A.allele.2","A*68","ITLWQRPLV","Pol"
2647,"A.allele.2","A*68","DTVLEEWNL","Pol"
2647,"A.allele.2","A*68","GAETFYVDGA","Pol"
2647,"A.allele.2","A*68","ETFYVDGA","Pol"
2661,"A.allele.2","A*02","SLYNTVATL","Gag"
2661,"A.allele.2","A*02","YVDRFYKTL","Gag"
2661,"A.allele.2","A*02","FLGKIWPSYK","Gag"
2661,"A.allele.2","A*02","GAFDLSFFL","Nef"
2661,"A.allele.2","A*02","PLTFGWCYKL","Nef"
2661,"A.allele.2","A*02","VLEWRFDSRL","Nef"
2661,"A.allele.2","A*02","LVGPTPVNI","Pol"
2661,"A.allele.2","A*02","ALVEICTEM","Pol"
2661,"A.allele.2","A*02","YTAFTIPSI","Pol"
2661,"A.allele.2","A*02","YTAFTIPSV","Pol"
2661,"A.allele.2","A*02","VIYQYMDDL","Pol"
2661,"A.allele.2","A*02","ILKEPVHGV","Pol"
2661,"A.allele.2","A*02","KLVSQGIRKV","Pol"
2664,"A.allele.2","A*11","TLYCVHQK","Gag"
2664,"A.allele.2","A*11","ACQGVGGPGHK","Gag"
2664,"A.allele.2","A*11","QVPLRPMTYK","Nef"
2664,"A.allele.2","A*11","PLRPMTYK","Nef"
2664,"A.allele.2","A*11","AVDLSHFLK","Nef"
2664,"A.allele.2","A*11","SVPLDEGFRK","Pol"
2664,"A.allele.2","A*11","SPAIFQSSMTK","Pol"
2664,"A.allele.2","A*11","AIFQSSMTK","Pol"
2664,"A.allele.2","A*11","IYQEPFKNLK","Pol"
2664,"A.allele.2","A*11","QIIEQLIKK","Pol"
2664,"A.allele.2","A*11","AVFIHNFKRK","Pol"
2664,"A.allele.2","A*11","IIATDIQTK","Pol"
3632,"A.allele.2","A*24","RDYVDRFFKTL","Gag"
3632,"A.allele.2","A*24","KYKLKHIVW","Gag"
3632,"A.allele.2","A*24","NYTPGPGIRY","Nef"
3632,"A.allele.2","A*24","RYPLTFGW","Nef"
2013,"A.allele.2","A*24","RDYVDRFFKTL","Gag"
2013,"A.allele.2","A*24","KYKLKHIVW","Gag"
2013,"A.allele.2","A*24","NYTPGPGIRY","Nef"
2013,"A.allele.2","A*24","RYPLTFGW","Nef"
2026,"A.allele.2","A*32","PIQKETWETW","Pol"
2046,"A.allele.2","A*24","RDYVDRFFKTL","Gag"
2046,"A.allele.2","A*24","KYKLKHIVW","Gag"
2046,"A.allele.2","A*24","NYTPGPGIRY","Nef"
2046,"A.allele.2","A*24","RYPLTFGW","Nef"
2115,"A.allele.2","A*03","KIRLRPGGK","Gag"
2115,"A.allele.2","A*03","RLRPGGKKK","Gag"
2115,"A.allele.2","A*03","RLRPGGKKKY","Gag"
2115,"A.allele.2","A*03","QVPLRPMTYK","Nef"
2115,"A.allele.2","A*03","AVDLSHFLK","Nef"
2115,"A.allele.2","A*03","ALVEICTEMEK","Pol"
2115,"A.allele.2","A*03","KLVDFRELNK","Pol"
2115,"A.allele.2","A*03","GIPHPAGLK","Pol"
2115,"A.allele.2","A*03","AIFQSSMTK","Pol"
2115,"A.allele.2","A*03","QIYPGIKVR","Pol"
2115,"A.allele.2","A*03","RMRGAHTNDVK","Pol"
2115,"A.allele.2","A*03","AVFIHNFKRK","Pol"
2275,"A.allele.2","A*03","KIRLRPGGK","Gag"
2275,"A.allele.2","A*03","RLRPGGKKK","Gag"
2275,"A.allele.2","A*03","RLRPGGKKKY","Gag"
2275,"A.allele.2","A*03","QVPLRPMTYK","Nef"
2275,"A.allele.2","A*03","AVDLSHFLK","Nef"
2275,"A.allele.2","A*03","ALVEICTEMEK","Pol"
2275,"A.allele.2","A*03","KLVDFRELNK","Pol"
2275,"A.allele.2","A*03","GIPHPAGLK","Pol"
2275,"A.allele.2","A*03","AIFQSSMTK","Pol"
2275,"A.allele.2","A*03","QIYPGIKVR","Pol"
2275,"A.allele.2","A*03","RMRGAHTNDVK","Pol"
2275,"A.allele.2","A*03","AVFIHNFKRK","Pol"
2518,"A.allele.2","A*02","SLYNTVATL","Gag"
2518,"A.allele.2","A*02","YVDRFYKTL","Gag"
2518,"A.allele.2","A*02","FLGKIWPSYK","Gag"
2518,"A.allele.2","A*02","GAFDLSFFL","Nef"
2518,"A.allele.2","A*02","PLTFGWCYKL","Nef"
2518,"A.allele.2","A*02","VLEWRFDSRL","Nef"
2518,"A.allele.2","A*02","LVGPTPVNI","Pol"
2518,"A.allele.2","A*02","ALVEICTEM","Pol"
2518,"A.allele.2","A*02","YTAFTIPSI","Pol"
2518,"A.allele.2","A*02","YTAFTIPSV","Pol"
2518,"A.allele.2","A*02","VIYQYMDDL","Pol"
2518,"A.allele.2","A*02","ILKEPVHGV","Pol"
2518,"A.allele.2","A*02","KLVSQGIRKV","Pol"
1292,"B.allele.1","B*35","NSSKVSQNY","Gag"
1292,"B.allele.1","B*35","HPVHAGPIA","Gag"
1292,"B.allele.1","B*35","NPPIPVGDIY","Gag"
1292,"B.allele.1","B*35","PPIPVGDIY","Gag"
1292,"B.allele.1","B*35","WASRELERF","Gag"
1292,"B.allele.1","B*35","RPQVPLRPMTY","Nef"
1292,"B.allele.1","B*35","VPLRPMTY","Nef"
1292,"B.allele.1","B*35","YFPDWQNYT","Nef"
1292,"B.allele.1","B*35","TVLDVGDAY","Pol"
1292,"B.allele.1","B*35","VPLDEDFRKY","Pol"
1292,"B.allele.1","B*35","HPDIVIYQY","Pol"
1292,"B.allele.1","B*35","IPLTEEAEL","Pol"
1408,"B.allele.1","B*07","SPRTLNAWV","Gag"
1408,"B.allele.1","B*07","TPQDLNTML","Gag"
1408,"B.allele.1","B*07","HPVHAGPIA","Gag"
1408,"B.allele.1","B*07","GPGHKARVL","Gag"
1408,"B.allele.1","B*07","APRKKGCWK","Gag"
1408,"B.allele.1","B*07","RPGGKKHYM","Gag"
1408,"B.allele.1","B*07","FPVTPQVPL","Nef"
1408,"B.allele.1","B*07","TPQVPLRPM","Nef"
1408,"B.allele.1","B*07","RPMTYKAAL","Nef"
1408,"B.allele.1","B*07","TPGPGVRYPL","Nef"
1408,"B.allele.1","B*07","SPAIFQSSM","Pol"
1756,"B.allele.1","B*35","NSSKVSQNY","Gag"
1756,"B.allele.1","B*35","HPVHAGPIA","Gag"
1756,"B.allele.1","B*35","NPPIPVGDIY","Gag"
1756,"B.allele.1","B*35","PPIPVGDIY","Gag"
1756,"B.allele.1","B*35","WASRELERF","Gag"
1756,"B.allele.1","B*35","RPQVPLRPMTY","Nef"
1756,"B.allele.1","B*35","VPLRPMTY","Nef"
1756,"B.allele.1","B*35","YFPDWQNYT","Nef"
1756,"B.allele.1","B*35","TVLDVGDAY","Pol"
1756,"B.allele.1","B*35","VPLDEDFRKY","Pol"
1756,"B.allele.1","B*35","HPDIVIYQY","Pol"
1756,"B.allele.1","B*35","IPLTEEAEL","Pol"
2208,"B.allele.1","B*07","SPRTLNAWV","Gag"
2208,"B.allele.1","B*07","TPQDLNTML","Gag"
2208,"B.allele.1","B*07","HPVHAGPIA","Gag"
2208,"B.allele.1","B*07","GPGHKARVL","Gag"
2208,"B.allele.1","B*07","APRKKGCWK","Gag"
2208,"B.allele.1","B*07","RPGGKKHYM","Gag"
2208,"B.allele.1","B*07","FPVTPQVPL","Nef"
2208,"B.allele.1","B*07","TPQVPLRPM","Nef"
2208,"B.allele.1","B*07","RPMTYKAAL","Nef"
2208,"B.allele.1","B*07","TPGPGVRYPL","Nef"
2208,"B.allele.1","B*07","SPAIFQSSM","Pol"
2241,"B.allele.1","B*40","IEIKDTKEAL","Gag"
2241,"B.allele.1","B*40","SEGATPQDL","Gag"
2241,"B.allele.1","B*40","KETINEEAA","Gag"
2241,"B.allele.1","B*40","AEWDRVHPV","Gag"
2241,"B.allele.1","B*40","TERQANFL","Gag"
2241,"B.allele.1","B*40","KELYPLTSL","Gag"
2241,"B.allele.1","B*40","GELDRWEKI","Gag"
2241,"B.allele.1","B*40","DRWEKIRLRPG","Gag"
2241,"B.allele.1","B*40","LETSEGCRQI","Gag"
2241,"B.allele.1","B*40","LEKHGAITS","Nef"
2241,"B.allele.1","B*40","KEKGGLEGL","Nef"
2241,"B.allele.1","B*40","IETVPVKL","Pol"
2241,"B.allele.1","B*40","IEELRQHLL","Pol"
2241,"B.allele.1","B*40","IEAEVIPAET","Pol"
2241,"B.allele.1","B*40","GERIVDII","Pol"
2274,"B.allele.1","B*14","DRFYKTLRA","Gag"
2274,"B.allele.1","B*14","CRAPRKKGC","Gag"
2274,"B.allele.1","B*14","AAVDLSHFL","Nef"
2274,"B.allele.1","B*14","IRYQYNVL","Pol"
2278,"B.allele.1","B*08","ELRSLYNTV","Gag"
2278,"B.allele.1","B*08","EIYKRWII","Gag"
2278,"B.allele.1","B*08","DCKTILKAL","Gag"
2278,"B.allele.1","B*08","GGKKKYKLK","Gag"
2278,"B.allele.1","B*08","WPTVRERM","Nef"
2278,"B.allele.1","B*08","FLKEKGGL","Nef"
2278,"B.allele.1","B*08","SRLAFHHMA","Nef"
2278,"B.allele.1","B*08","GPKVKQWPL","Pol"
2278,"B.allele.1","B*08","VVPRRKAKII","Pol"
2278,"B.allele.1","B*08","RKAKIIRDYGK","Pol"
2278,"B.allele.1","B*08","KIIRDYGK","Pol"
2286,"B.allele.1","B*07","SPRTLNAWV","Gag"
2286,"B.allele.1","B*07","TPQDLNTML","Gag"
2286,"B.allele.1","B*07","HPVHAGPIA","Gag"
2286,"B.allele.1","B*07","GPGHKARVL","Gag"
2286,"B.allele.1","B*07","APRKKGCWK","Gag"
2286,"B.allele.1","B*07","RPGGKKHYM","Gag"
2286,"B.allele.1","B*07","FPVTPQVPL","Nef"
2286,"B.allele.1","B*07","TPQVPLRPM","Nef"
2286,"B.allele.1","B*07","RPMTYKAAL","Nef"
2286,"B.allele.1","B*07","TPGPGVRYPL","Nef"
2286,"B.allele.1","B*07","SPAIFQSSM","Pol"
2302,"B.allele.1","B*08","ELRSLYNTV","Gag"
2302,"B.allele.1","B*08","EIYKRWII","Gag"
2302,"B.allele.1","B*08","DCKTILKAL","Gag"
2302,"B.allele.1","B*08","GGKKKYKLK","Gag"
2302,"B.allele.1","B*08","WPTVRERM","Nef"
2302,"B.allele.1","B*08","FLKEKGGL","Nef"
2302,"B.allele.1","B*08","SRLAFHHMA","Nef"
2302,"B.allele.1","B*08","GPKVKQWPL","Pol"
2302,"B.allele.1","B*08","VVPRRKAKII","Pol"
2302,"B.allele.1","B*08","RKAKIIRDYGK","Pol"
2302,"B.allele.1","B*08","KIIRDYGK","Pol"
2303,"B.allele.1","B*07","SPRTLNAWV","Gag"
2303,"B.allele.1","B*07","TPQDLNTML","Gag"
2303,"B.allele.1","B*07","HPVHAGPIA","Gag"
2303,"B.allele.1","B*07","GPGHKARVL","Gag"
2303,"B.allele.1","B*07","APRKKGCWK","Gag"
2303,"B.allele.1","B*07","RPGGKKHYM","Gag"
2303,"B.allele.1","B*07","FPVTPQVPL","Nef"
2303,"B.allele.1","B*07","TPQVPLRPM","Nef"
2303,"B.allele.1","B*07","RPMTYKAAL","Nef"
2303,"B.allele.1","B*07","TPGPGVRYPL","Nef"
2303,"B.allele.1","B*07","SPAIFQSSM","Pol"
2452,"B.allele.1","B*07","SPRTLNAWV","Gag"
2452,"B.allele.1","B*07","TPQDLNTML","Gag"
2452,"B.allele.1","B*07","HPVHAGPIA","Gag"
2452,"B.allele.1","B*07","GPGHKARVL","Gag"
2452,"B.allele.1","B*07","APRKKGCWK","Gag"
2452,"B.allele.1","B*07","RPGGKKHYM","Gag"
2452,"B.allele.1","B*07","FPVTPQVPL","Nef"
2452,"B.allele.1","B*07","TPQVPLRPM","Nef"
2452,"B.allele.1","B*07","RPMTYKAAL","Nef"
2452,"B.allele.1","B*07","TPGPGVRYPL","Nef"
2452,"B.allele.1","B*07","SPAIFQSSM","Pol"
2454,"B.allele.1","B*07","SPRTLNAWV","Gag"
2454,"B.allele.1","B*07","TPQDLNTML","Gag"
2454,"B.allele.1","B*07","HPVHAGPIA","Gag"
2454,"B.allele.1","B*07","GPGHKARVL","Gag"
2454,"B.allele.1","B*07","APRKKGCWK","Gag"
2454,"B.allele.1","B*07","RPGGKKHYM","Gag"
2454,"B.allele.1","B*07","FPVTPQVPL","Nef"
2454,"B.allele.1","B*07","TPQVPLRPM","Nef"
2454,"B.allele.1","B*07","RPMTYKAAL","Nef"
2454,"B.allele.1","B*07","TPGPGVRYPL","Nef"
2454,"B.allele.1","B*07","SPAIFQSSM","Pol"
2469,"B.allele.1","B*15","HQAISPRTL","Gag"
2469,"B.allele.1","B*15","VKVIEEKAF","Gag"
2469,"B.allele.1","B*15","GHQAAMQML","Gag"
2469,"B.allele.1","B*15","GLNKIVRMY","Gag"
2469,"B.allele.1","B*15","YVDRFFKTL","Gag"
2469,"B.allele.1","B*15","TQGYFPDWQNY","Nef"
2469,"B.allele.1","B*15","WRFDSRLAF","Nef"
2469,"B.allele.1","B*15","GKKAIGTVL","Pol"
2469,"B.allele.1","B*15","LVGKLNWASQIY","Pol"
2469,"B.allele.1","B*15","ILKEPVHGVY","Pol"
2469,"B.allele.1","B*15","VTDSQYALGI","Pol"
2469,"B.allele.1","B*15","THLEGKIIL","Pol"
2469,"B.allele.1","B*15","IQQEFGIPY","Pol"
2469,"B.allele.1","B*15","FKRKGGIGGY","Pol"
2469,"B.allele.1","B*15","RKAKIIRDY","Pol"
2470,"B.allele.1","B*41",NA,NA
2531,"B.allele.1","B*08","ELRSLYNTV","Gag"
2531,"B.allele.1","B*08","EIYKRWII","Gag"
2531,"B.allele.1","B*08","DCKTILKAL","Gag"
2531,"B.allele.1","B*08","GGKKKYKLK","Gag"
2531,"B.allele.1","B*08","WPTVRERM","Nef"
2531,"B.allele.1","B*08","FLKEKGGL","Nef"
2531,"B.allele.1","B*08","SRLAFHHMA","Nef"
2531,"B.allele.1","B*08","GPKVKQWPL","Pol"
2531,"B.allele.1","B*08","VVPRRKAKII","Pol"
2531,"B.allele.1","B*08","RKAKIIRDYGK","Pol"
2531,"B.allele.1","B*08","KIIRDYGK","Pol"
2606,"B.allele.1","B*15","HQAISPRTL","Gag"
2606,"B.allele.1","B*15","VKVIEEKAF","Gag"
2606,"B.allele.1","B*15","GHQAAMQML","Gag"
2606,"B.allele.1","B*15","GLNKIVRMY","Gag"
2606,"B.allele.1","B*15","YVDRFFKTL","Gag"
2606,"B.allele.1","B*15","TQGYFPDWQNY","Nef"
2606,"B.allele.1","B*15","WRFDSRLAF","Nef"
2606,"B.allele.1","B*15","GKKAIGTVL","Pol"
2606,"B.allele.1","B*15","LVGKLNWASQIY","Pol"
2606,"B.allele.1","B*15","ILKEPVHGVY","Pol"
2606,"B.allele.1","B*15","VTDSQYALGI","Pol"
2606,"B.allele.1","B*15","THLEGKIIL","Pol"
2606,"B.allele.1","B*15","IQQEFGIPY","Pol"
2606,"B.allele.1","B*15","FKRKGGIGGY","Pol"
2606,"B.allele.1","B*15","RKAKIIRDY","Pol"
2647,"B.allele.1","B*27","KRWIILGLNK","Gag"
2647,"B.allele.1","B*27","RRWIQLGLQK","Gag"
2647,"B.allele.1","B*27","IRLRPGGKK","Gag"
2647,"B.allele.1","B*27","LRPMTYKAA","Nef"
2647,"B.allele.1","B*27","RRQDILDLWI","Nef"
2647,"B.allele.1","B*27","KRKGGIGGY","Pol"
2661,"B.allele.1","B*44","LYNTVATLY","Gag"
2661,"B.allele.1","B*44","EEKAFSPEV","Gag"
2661,"B.allele.1","B*44","RDYVDRFYKTL","Gag"
2661,"B.allele.1","B*44","AEQASQDVKNW","Gag"
2661,"B.allele.1","B*44","KEKGGLEGLIY","Nef"
2661,"B.allele.1","B*44","QEILDLWVY","Nef"
2661,"B.allele.1","B*44","EEMNLPGRW","Pol"
2664,"B.allele.1","B*35","NSSKVSQNY","Gag"
2664,"B.allele.1","B*35","HPVHAGPIA","Gag"
2664,"B.allele.1","B*35","NPPIPVGDIY","Gag"
2664,"B.allele.1","B*35","PPIPVGDIY","Gag"
2664,"B.allele.1","B*35","WASRELERF","Gag"
2664,"B.allele.1","B*35","RPQVPLRPMTY","Nef"
2664,"B.allele.1","B*35","VPLRPMTY","Nef"
2664,"B.allele.1","B*35","YFPDWQNYT","Nef"
2664,"B.allele.1","B*35","TVLDVGDAY","Pol"
2664,"B.allele.1","B*35","VPLDEDFRKY","Pol"
2664,"B.allele.1","B*35","HPDIVIYQY","Pol"
2664,"B.allele.1","B*35","IPLTEEAEL","Pol"
3632,"B.allele.1","B*07","SPRTLNAWV","Gag"
3632,"B.allele.1","B*07","TPQDLNTML","Gag"
3632,"B.allele.1","B*07","HPVHAGPIA","Gag"
3632,"B.allele.1","B*07","GPGHKARVL","Gag"
3632,"B.allele.1","B*07","APRKKGCWK","Gag"
3632,"B.allele.1","B*07","RPGGKKHYM","Gag"
3632,"B.allele.1","B*07","FPVTPQVPL","Nef"
3632,"B.allele.1","B*07","TPQVPLRPM","Nef"
3632,"B.allele.1","B*07","RPMTYKAAL","Nef"
3632,"B.allele.1","B*07","TPGPGVRYPL","Nef"
3632,"B.allele.1","B*07","SPAIFQSSM","Pol"
2013,"B.allele.1","B*07","SPRTLNAWV","Gag"
2013,"B.allele.1","B*07","TPQDLNTML","Gag"
2013,"B.allele.1","B*07","HPVHAGPIA","Gag"
2013,"B.allele.1","B*07","GPGHKARVL","Gag"
2013,"B.allele.1","B*07","APRKKGCWK","Gag"
2013,"B.allele.1","B*07","RPGGKKHYM","Gag"
2013,"B.allele.1","B*07","FPVTPQVPL","Nef"
2013,"B.allele.1","B*07","TPQVPLRPM","Nef"
2013,"B.allele.1","B*07","RPMTYKAAL","Nef"
2013,"B.allele.1","B*07","TPGPGVRYPL","Nef"
2013,"B.allele.1","B*07","SPAIFQSSM","Pol"
2026,"B.allele.1","B*14","DRFYKTLRA","Gag"
2026,"B.allele.1","B*14","CRAPRKKGC","Gag"
2026,"B.allele.1","B*14","AAVDLSHFL","Nef"
2026,"B.allele.1","B*14","IRYQYNVL","Pol"
2046,"B.allele.1","B*38","YRDSRDPLW","Pol"
2115,"B.allele.1","B*07","SPRTLNAWV","Gag"
2115,"B.allele.1","B*07","TPQDLNTML","Gag"
2115,"B.allele.1","B*07","HPVHAGPIA","Gag"
2115,"B.allele.1","B*07","GPGHKARVL","Gag"
2115,"B.allele.1","B*07","APRKKGCWK","Gag"
2115,"B.allele.1","B*07","RPGGKKHYM","Gag"
2115,"B.allele.1","B*07","FPVTPQVPL","Nef"
2115,"B.allele.1","B*07","TPQVPLRPM","Nef"
2115,"B.allele.1","B*07","RPMTYKAAL","Nef"
2115,"B.allele.1","B*07","TPGPGVRYPL","Nef"
2115,"B.allele.1","B*07","SPAIFQSSM","Pol"
2275,"B.allele.1","B*35","NSSKVSQNY","Gag"
2275,"B.allele.1","B*35","HPVHAGPIA","Gag"
2275,"B.allele.1","B*35","NPPIPVGDIY","Gag"
2275,"B.allele.1","B*35","PPIPVGDIY","Gag"
2275,"B.allele.1","B*35","WASRELERF","Gag"
2275,"B.allele.1","B*35","RPQVPLRPMTY","Nef"
2275,"B.allele.1","B*35","VPLRPMTY","Nef"
2275,"B.allele.1","B*35","YFPDWQNYT","Nef"
2275,"B.allele.1","B*35","TVLDVGDAY","Pol"
2275,"B.allele.1","B*35","VPLDEDFRKY","Pol"
2275,"B.allele.1","B*35","HPDIVIYQY","Pol"
2275,"B.allele.1","B*35","IPLTEEAEL","Pol"
2518,"B.allele.1","B*40","IEIKDTKEAL","Gag"
2518,"B.allele.1","B*40","SEGATPQDL","Gag"
2518,"B.allele.1","B*40","KETINEEAA","Gag"
2518,"B.allele.1","B*40","AEWDRVHPV","Gag"
2518,"B.allele.1","B*40","TERQANFL","Gag"
2518,"B.allele.1","B*40","KELYPLTSL","Gag"
2518,"B.allele.1","B*40","GELDRWEKI","Gag"
2518,"B.allele.1","B*40","DRWEKIRLRPG","Gag"
2518,"B.allele.1","B*40","LETSEGCRQI","Gag"
2518,"B.allele.1","B*40","LEKHGAITS","Nef"
2518,"B.allele.1","B*40","KEKGGLEGL","Nef"
2518,"B.allele.1","B*40","IETVPVKL","Pol"
2518,"B.allele.1","B*40","IEELRQHLL","Pol"
2518,"B.allele.1","B*40","IEAEVIPAET","Pol"
2518,"B.allele.1","B*40","GERIVDII","Pol"
1292,"B.allele.2","B*44","LYNTVATLY","Gag"
1292,"B.allele.2","B*44","EEKAFSPEV","Gag"
1292,"B.allele.2","B*44","RDYVDRFYKTL","Gag"
1292,"B.allele.2","B*44","AEQASQDVKNW","Gag"
1292,"B.allele.2","B*44","KEKGGLEGLIY","Nef"
1292,"B.allele.2","B*44","QEILDLWVY","Nef"
1292,"B.allele.2","B*44","EEMNLPGRW","Pol"
1408,"B.allele.2","B*41",NA,NA
1756,"B.allele.2","B*52","RMYSPTSI","Gag"
1756,"B.allele.2","B*52","LQKQITKI","Pol"
2208,"B.allele.2","B*57","ISPRTLNAW","Gag"
2208,"B.allele.2","B*57","KAFSPEVI","Gag"
2208,"B.allele.2","B*57","FSPEVIPMF","Gag"
2208,"B.allele.2","B*57","TSTLQEQIGW","Gag"
2208,"B.allele.2","B*57","QASQEVKNW","Gag"
2208,"B.allele.2","B*57","KAAFDLSFF","Nef"
2208,"B.allele.2","B*57","AAFDLSFFL","Nef"
2208,"B.allele.2","B*57","HTQGYFPDW","Nef"
2208,"B.allele.2","B*57","YTPGPGIRY","Nef"
2208,"B.allele.2","B*57","LTFGWCFKL","Nef"
2208,"B.allele.2","B*57","KAIGTVLV","Pol"
2208,"B.allele.2","B*57","IVLPEKDSW","Pol"
2208,"B.allele.2","B*57","STTVKAACWW","Pol"
2208,"B.allele.2","B*57","KTAVQMAVF","Pol"
2241,"B.allele.2","B*55",NA,NA
2274,"B.allele.2","B*15","HQAISPRTL","Gag"
2274,"B.allele.2","B*15","VKVIEEKAF","Gag"
2274,"B.allele.2","B*15","GHQAAMQML","Gag"
2274,"B.allele.2","B*15","GLNKIVRMY","Gag"
2274,"B.allele.2","B*15","YVDRFFKTL","Gag"
2274,"B.allele.2","B*15","TQGYFPDWQNY","Nef"
2274,"B.allele.2","B*15","WRFDSRLAF","Nef"
2274,"B.allele.2","B*15","GKKAIGTVL","Pol"
2274,"B.allele.2","B*15","LVGKLNWASQIY","Pol"
2274,"B.allele.2","B*15","ILKEPVHGVY","Pol"
2274,"B.allele.2","B*15","VTDSQYALGI","Pol"
2274,"B.allele.2","B*15","THLEGKIIL","Pol"
2274,"B.allele.2","B*15","IQQEFGIPY","Pol"
2274,"B.allele.2","B*15","FKRKGGIGGY","Pol"
2274,"B.allele.2","B*15","RKAKIIRDY","Pol"
2278,"B.allele.2","B*14","DRFYKTLRA","Gag"
2278,"B.allele.2","B*14","CRAPRKKGC","Gag"
2278,"B.allele.2","B*14","AAVDLSHFL","Nef"
2278,"B.allele.2","B*14","IRYQYNVL","Pol"
2286,"B.allele.2","B*51","RPGGKKKYKL","Gag"
2286,"B.allele.2","B*51","TAFTIPSI","Pol"
2286,"B.allele.2","B*51","IPLTEEAEL","Pol"
2302,"B.allele.2","B*18","FRDYVDRFYK","Gag"
2302,"B.allele.2","B*18","RRQDILDLWVY","Nef"
2302,"B.allele.2","B*18","YPLTFGWCY","Nef"
2302,"B.allele.2","B*18","NETPGIRYQY","Pol"
2302,"B.allele.2","B*18","NPEIVIYQY","Pol"
2302,"B.allele.2","B*18","EIVIYQYMD","Pol"
2303,"B.allele.2","B*13","VQNLQGQMV","Gag"
2303,"B.allele.2","B*13","GQMVHQAI","Gag"
2303,"B.allele.2","B*13","GQMREPRGSDI","Gag"
2303,"B.allele.2","B*13","RQANFLGKI","Gag"
2303,"B.allele.2","B*13","RQDILDLWI","Nef"
2303,"B.allele.2","B*13","RQDILDLWV","Nef"
2303,"B.allele.2","B*13","RQYDQILIEI","Pol"
2303,"B.allele.2","B*13","GQGQWTYQI","Pol"
2452,"B.allele.2","B*15","HQAISPRTL","Gag"
2452,"B.allele.2","B*15","VKVIEEKAF","Gag"
2452,"B.allele.2","B*15","GHQAAMQML","Gag"
2452,"B.allele.2","B*15","GLNKIVRMY","Gag"
2452,"B.allele.2","B*15","YVDRFFKTL","Gag"
2452,"B.allele.2","B*15","TQGYFPDWQNY","Nef"
2452,"B.allele.2","B*15","WRFDSRLAF","Nef"
2452,"B.allele.2","B*15","GKKAIGTVL","Pol"
2452,"B.allele.2","B*15","LVGKLNWASQIY","Pol"
2452,"B.allele.2","B*15","ILKEPVHGVY","Pol"
2452,"B.allele.2","B*15","VTDSQYALGI","Pol"
2452,"B.allele.2","B*15","THLEGKIIL","Pol"
2452,"B.allele.2","B*15","IQQEFGIPY","Pol"
2452,"B.allele.2","B*15","FKRKGGIGGY","Pol"
2452,"B.allele.2","B*15","RKAKIIRDY","Pol"
2454,"B.allele.2","B*07","SPRTLNAWV","Gag"
2454,"B.allele.2","B*07","TPQDLNTML","Gag"
2454,"B.allele.2","B*07","HPVHAGPIA","Gag"
2454,"B.allele.2","B*07","GPGHKARVL","Gag"
2454,"B.allele.2","B*07","APRKKGCWK","Gag"
2454,"B.allele.2","B*07","RPGGKKHYM","Gag"
2454,"B.allele.2","B*07","FPVTPQVPL","Nef"
2454,"B.allele.2","B*07","TPQVPLRPM","Nef"
2454,"B.allele.2","B*07","RPMTYKAAL","Nef"
2454,"B.allele.2","B*07","TPGPGVRYPL","Nef"
2454,"B.allele.2","B*07","SPAIFQSSM","Pol"
2469,"B.allele.2","B*40","IEIKDTKEAL","Gag"
2469,"B.allele.2","B*40","SEGATPQDL","Gag"
2469,"B.allele.2","B*40","KETINEEAA","Gag"
2469,"B.allele.2","B*40","AEWDRVHPV","Gag"
2469,"B.allele.2","B*40","TERQANFL","Gag"
2469,"B.allele.2","B*40","KELYPLTSL","Gag"
2469,"B.allele.2","B*40","GELDRWEKI","Gag"
2469,"B.allele.2","B*40","DRWEKIRLRPG","Gag"
2469,"B.allele.2","B*40","LETSEGCRQI","Gag"
2469,"B.allele.2","B*40","LEKHGAITS","Nef"
2469,"B.allele.2","B*40","KEKGGLEGL","Nef"
2469,"B.allele.2","B*40","IETVPVKL","Pol"
2469,"B.allele.2","B*40","IEELRQHLL","Pol"
2469,"B.allele.2","B*40","IEAEVIPAET","Pol"
2469,"B.allele.2","B*40","GERIVDII","Pol"
2470,"B.allele.2","B*49",NA,NA
2531,"B.allele.2","B*14","DRFYKTLRA","Gag"
2531,"B.allele.2","B*14","CRAPRKKGC","Gag"
2531,"B.allele.2","B*14","AAVDLSHFL","Nef"
2531,"B.allele.2","B*14","IRYQYNVL","Pol"
2606,"B.allele.2","B*18","FRDYVDRFYK","Gag"
2606,"B.allele.2","B*18","RRQDILDLWVY","Nef"
2606,"B.allele.2","B*18","YPLTFGWCY","Nef"
2606,"B.allele.2","B*18","NETPGIRYQY","Pol"
2606,"B.allele.2","B*18","NPEIVIYQY","Pol"
2606,"B.allele.2","B*18","EIVIYQYMD","Pol"
2647,"B.allele.2","B*49",NA,NA
2661,"B.allele.2","B*51","RPGGKKKYKL","Gag"
2661,"B.allele.2","B*51","TAFTIPSI","Pol"
2661,"B.allele.2","B*51","IPLTEEAEL","Pol"
2664,"B.allele.2","B*51","RPGGKKKYKL","Gag"
2664,"B.allele.2","B*51","TAFTIPSI","Pol"
2664,"B.allele.2","B*51","IPLTEEAEL","Pol"
3632,"B.allele.2","B*13","VQNLQGQMV","Gag"
3632,"B.allele.2","B*13","GQMVHQAI","Gag"
3632,"B.allele.2","B*13","GQMREPRGSDI","Gag"
3632,"B.allele.2","B*13","RQANFLGKI","Gag"
3632,"B.allele.2","B*13","RQDILDLWI","Nef"
3632,"B.allele.2","B*13","RQDILDLWV","Nef"
3632,"B.allele.2","B*13","RQYDQILIEI","Pol"
3632,"B.allele.2","B*13","GQGQWTYQI","Pol"
2013,"B.allele.2","B*44","LYNTVATLY","Gag"
2013,"B.allele.2","B*44","EEKAFSPEV","Gag"
2013,"B.allele.2","B*44","RDYVDRFYKTL","Gag"
2013,"B.allele.2","B*44","AEQASQDVKNW","Gag"
2013,"B.allele.2","B*44","KEKGGLEGLIY","Nef"
2013,"B.allele.2","B*44","QEILDLWVY","Nef"
2013,"B.allele.2","B*44","EEMNLPGRW","Pol"
2026,"B.allele.2","B*39","TPQDLNTML","Gag"
2026,"B.allele.2","B*39","GHQAAMQML","Gag"
2046,"B.allele.2","B*57","ISPRTLNAW","Gag"
2046,"B.allele.2","B*57","KAFSPEVI","Gag"
2046,"B.allele.2","B*57","FSPEVIPMF","Gag"
2046,"B.allele.2","B*57","TSTLQEQIGW","Gag"
2046,"B.allele.2","B*57","QASQEVKNW","Gag"
2046,"B.allele.2","B*57","KAAFDLSFF","Nef"
2046,"B.allele.2","B*57","AAFDLSFFL","Nef"
2046,"B.allele.2","B*57","HTQGYFPDW","Nef"
2046,"B.allele.2","B*57","YTPGPGIRY","Nef"
2046,"B.allele.2","B*57","LTFGWCFKL","Nef"
2046,"B.allele.2","B*57","KAIGTVLV","Pol"
2046,"B.allele.2","B*57","IVLPEKDSW","Pol"
2046,"B.allele.2","B*57","STTVKAACWW","Pol"
2046,"B.allele.2","B*57","KTAVQMAVF","Pol"
2115,"B.allele.2","B*56",NA,NA
2275,"B.allele.2","B*35","NSSKVSQNY","Gag"
2275,"B.allele.2","B*35","HPVHAGPIA","Gag"
2275,"B.allele.2","B*35","NPPIPVGDIY","Gag"
2275,"B.allele.2","B*35","PPIPVGDIY","Gag"
2275,"B.allele.2","B*35","WASRELERF","Gag"
2275,"B.allele.2","B*35","RPQVPLRPMTY","Nef"
2275,"B.allele.2","B*35","VPLRPMTY","Nef"
2275,"B.allele.2","B*35","YFPDWQNYT","Nef"
2275,"B.allele.2","B*35","TVLDVGDAY","Pol"
2275,"B.allele.2","B*35","VPLDEDFRKY","Pol"
2275,"B.allele.2","B*35","HPDIVIYQY","Pol"
2275,"B.allele.2","B*35","IPLTEEAEL","Pol"
2518,"B.allele.2","B*57","ISPRTLNAW","Gag"
2518,"B.allele.2","B*57","KAFSPEVI","Gag"
2518,"B.allele.2","B*57","FSPEVIPMF","Gag"
2518,"B.allele.2","B*57","TSTLQEQIGW","Gag"
2518,"B.allele.2","B*57","QASQEVKNW","Gag"
2518,"B.allele.2","B*57","KAAFDLSFF","Nef"
2518,"B.allele.2","B*57","AAFDLSFFL","Nef"
2518,"B.allele.2","B*57","HTQGYFPDW","Nef"
2518,"B.allele.2","B*57","YTPGPGIRY","Nef"
2518,"B.allele.2","B*57","LTFGWCFKL","Nef"
2518,"B.allele.2","B*57","KAIGTVLV","Pol"
2518,"B.allele.2","B*57","IVLPEKDSW","Pol"
2518,"B.allele.2","B*57","STTVKAACWW","Pol"
2518,"B.allele.2","B*57","KTAVQMAVF","Pol"
1292,"Cw.allele.1","Cw*04",NA,NA
1408,"Cw.allele.1","Cw*07","KRQEILDLWVY","Nef"
1408,"Cw.allele.1","Cw*07","RYPLTFGWCY","Nef"
1756,"Cw.allele.1","Cw*04",NA,NA
2208,"Cw.allele.1","Cw*06","YFPDWQNYT","Nef"
2241,"Cw.allele.1","Cw*03","YVDRFFKTL","Gag"
2241,"Cw.allele.1","Cw*03","AALDLSHFL","Nef"
2274,"Cw.allele.1","Cw*03","YVDRFFKTL","Gag"
2274,"Cw.allele.1","Cw*03","AALDLSHFL","Nef"
2278,"Cw.allele.1","Cw*07","KRQEILDLWVY","Nef"
2278,"Cw.allele.1","Cw*07","RYPLTFGWCY","Nef"
2286,"Cw.allele.1","Cw*01","VIPMFSAL","Gag"
2286,"Cw.allele.1","Cw*01","YSPVSILDI","Gag"
2286,"Cw.allele.1","Cw*01","NSPTRREL","Pol"
2302,"Cw.allele.1","Cw*07","KRQEILDLWVY","Nef"
2302,"Cw.allele.1","Cw*07","RYPLTFGWCY","Nef"
2303,"Cw.allele.1","Cw*06","YFPDWQNYT","Nef"
2452,"Cw.allele.1","Cw*03","YVDRFFKTL","Gag"
2452,"Cw.allele.1","Cw*03","AALDLSHFL","Nef"
2454,"Cw.allele.1","Cw*07","KRQEILDLWVY","Nef"
2454,"Cw.allele.1","Cw*07","RYPLTFGWCY","Nef"
2469,"Cw.allele.1","Cw*03","YVDRFFKTL","Gag"
2469,"Cw.allele.1","Cw*03","AALDLSHFL","Nef"
2470,"Cw.allele.1","Cw*07","KRQEILDLWVY","Nef"
2470,"Cw.allele.1","Cw*07","RYPLTFGWCY","Nef"
2531,"Cw.allele.1","Cw*07","KRQEILDLWVY","Nef"
2531,"Cw.allele.1","Cw*07","RYPLTFGWCY","Nef"
2606,"Cw.allele.1","Cw*01","VIPMFSAL","Gag"
2606,"Cw.allele.1","Cw*01","YSPVSILDI","Gag"
2606,"Cw.allele.1","Cw*01","NSPTRREL","Pol"
2647,"Cw.allele.1","Cw*01","VIPMFSAL","Gag"
2647,"Cw.allele.1","Cw*01","YSPVSILDI","Gag"
2647,"Cw.allele.1","Cw*01","NSPTRREL","Pol"
2661,"Cw.allele.1","Cw*05","AEQASQEVKNWM","Gag"
2661,"Cw.allele.1","Cw*05","HTDNGSNF","Pol"
2664,"Cw.allele.1","Cw*04",NA,NA
3632,"Cw.allele.1","Cw*06","YFPDWQNYT","Nef"
2013,"Cw.allele.1","Cw*05","AEQASQEVKNWM","Gag"
2013,"Cw.allele.1","Cw*05","HTDNGSNF","Pol"
2026,"Cw.allele.1","Cw*07","KRQEILDLWVY","Nef"
2026,"Cw.allele.1","Cw*07","RYPLTFGWCY","Nef"
2046,"Cw.allele.1","Cw*06","YFPDWQNYT","Nef"
2115,"Cw.allele.1","Cw*01","VIPMFSAL","Gag"
2115,"Cw.allele.1","Cw*01","YSPVSILDI","Gag"
2115,"Cw.allele.1","Cw*01","NSPTRREL","Pol"
2275,"Cw.allele.1","Cw*04",NA,NA
2518,"Cw.allele.1","Cw*02","GYFPDWQNY","Nef"
1292,"Cw.allele.2","Cw*16",NA,NA
1408,"Cw.allele.2","Cw*17",NA,NA
1756,"Cw.allele.2","Cw*12","KQNPDIVIY","Pol"
1756,"Cw.allele.2","Cw*12","ILKEPVHGVY","Pol"
2208,"Cw.allele.2","Cw*07","KRQEILDLWVY","Nef"
2208,"Cw.allele.2","Cw*07","RYPLTFGWCY","Nef"
2241,"Cw.allele.2","Cw*15",NA,NA
2274,"Cw.allele.2","Cw*08","TPQDLNTML","Gag"
2274,"Cw.allele.2","Cw*08","HLVWASREL","Gag"
2274,"Cw.allele.2","Cw*08","KAAVDLSHFL","Nef"
2274,"Cw.allele.2","Cw*08","AAVDLSHFL","Nef"
2274,"Cw.allele.2","Cw*08","IVTDSQYAL","Pol"
2274,"Cw.allele.2","Cw*08","VTDSQYAL","Pol"
2278,"Cw.allele.2","Cw*08","TPQDLNTML","Gag"
2278,"Cw.allele.2","Cw*08","HLVWASREL","Gag"
2278,"Cw.allele.2","Cw*08","KAAVDLSHFL","Nef"
2278,"Cw.allele.2","Cw*08","AAVDLSHFL","Nef"
2278,"Cw.allele.2","Cw*08","IVTDSQYAL","Pol"
2278,"Cw.allele.2","Cw*08","VTDSQYAL","Pol"
2286,"Cw.allele.2","Cw*07","KRQEILDLWVY","Nef"
2286,"Cw.allele.2","Cw*07","RYPLTFGWCY","Nef"
2302,"Cw.allele.2","Cw*12","KQNPDIVIY","Pol"
2302,"Cw.allele.2","Cw*12","ILKEPVHGVY","Pol"
2303,"Cw.allele.2","Cw*07","KRQEILDLWVY","Nef"
2303,"Cw.allele.2","Cw*07","RYPLTFGWCY","Nef"
2452,"Cw.allele.2","Cw*07","KRQEILDLWVY","Nef"
2452,"Cw.allele.2","Cw*07","RYPLTFGWCY","Nef"
2454,"Cw.allele.2","Cw*07","KRQEILDLWVY","Nef"
2454,"Cw.allele.2","Cw*07","RYPLTFGWCY","Nef"
2469,"Cw.allele.2","Cw*03","YVDRFFKTL","Gag"
2469,"Cw.allele.2","Cw*03","AALDLSHFL","Nef"
2470,"Cw.allele.2","Cw*17",NA,NA
2531,"Cw.allele.2","Cw*08","TPQDLNTML","Gag"
2531,"Cw.allele.2","Cw*08","HLVWASREL","Gag"
2531,"Cw.allele.2","Cw*08","KAAVDLSHFL","Nef"
2531,"Cw.allele.2","Cw*08","AAVDLSHFL","Nef"
2531,"Cw.allele.2","Cw*08","IVTDSQYAL","Pol"
2531,"Cw.allele.2","Cw*08","VTDSQYAL","Pol"
2606,"Cw.allele.2","Cw*12","KQNPDIVIY","Pol"
2606,"Cw.allele.2","Cw*12","ILKEPVHGVY","Pol"
2647,"Cw.allele.2","Cw*07","KRQEILDLWVY","Nef"
2647,"Cw.allele.2","Cw*07","RYPLTFGWCY","Nef"
2661,"Cw.allele.2","Cw*14","LYNTVATL","Gag"
2664,"Cw.allele.2","Cw*08","TPQDLNTML","Gag"
2664,"Cw.allele.2","Cw*08","HLVWASREL","Gag"
2664,"Cw.allele.2","Cw*08","KAAVDLSHFL","Nef"
2664,"Cw.allele.2","Cw*08","AAVDLSHFL","Nef"
2664,"Cw.allele.2","Cw*08","IVTDSQYAL","Pol"
2664,"Cw.allele.2","Cw*08","VTDSQYAL","Pol"
3632,"Cw.allele.2","Cw*07","KRQEILDLWVY","Nef"
3632,"Cw.allele.2","Cw*07","RYPLTFGWCY","Nef"
2013,"Cw.allele.2","Cw*07","KRQEILDLWVY","Nef"
2013,"Cw.allele.2","Cw*07","RYPLTFGWCY","Nef"
2026,"Cw.allele.2","Cw*08","TPQDLNTML","Gag"
2026,"Cw.allele.2","Cw*08","HLVWASREL","Gag"
2026,"Cw.allele.2","Cw*08","KAAVDLSHFL","Nef"
2026,"Cw.allele.2","Cw*08","AAVDLSHFL","Nef"
2026,"Cw.allele.2","Cw*08","IVTDSQYAL","Pol"
2026,"Cw.allele.2","Cw*08","VTDSQYAL","Pol"
2046,"Cw.allele.2","Cw*07","KRQEILDLWVY","Nef"
2046,"Cw.allele.2","Cw*07","RYPLTFGWCY","Nef"
2115,"Cw.allele.2","Cw*07","KRQEILDLWVY","Nef"
2115,"Cw.allele.2","Cw*07","RYPLTFGWCY","Nef"
2275,"Cw.allele.2","Cw*12","KQNPDIVIY","Pol"
2275,"Cw.allele.2","Cw*12","ILKEPVHGVY","Pol"
2518,"Cw.allele.2","Cw*06","YFPDWQNYT","Nef"
